uniprot_id,chain_id,residue_number,residue_name,sasa,plddt,score
P14317,A,70,LYS,112.30,92.94,0.8678
P47890,A,281,VAL,30.19,83.19,0.6932
Q15643,A,1460,LYS,108.82,83.19,0.9586
Q8NHU0,A,143,LYS,83.41,88.06,0.7737
Q9Y2W1,A,656,LYS,128.64,88.25,0.7364
Q92736,A,1181,ILE,64.65,93.50,0.9986
Q96G04,A,321,LEU,65.04,83.56,0.9560
Q03113,A,338,LYS,51.95,97.75,0.9753
Q9H607,A,223,ARG,103.58,96.38,0.6971
Q13617,A,650,LYS,107.55,87.00,0.9907
Q8N8L6,A,158,ARG,126.62,97.38,0.9994
Q9NVD7,A,306,TYR,94.84,94.50,0.8049
P20472,A,14,LYS,108.78,97.06,0.8184
P0DPD6,A,472,ARG,46.07,92.69,0.7603
P0DPD6,A,806,GLN,124.27,92.25,0.9859
Q7RTN6,A,286,GLN,82.58,91.31,0.9257
Q6KCM7,A,292,ALA,34.79,87.19,0.8122
O75718,A,149,LYS,58.76,98.19,0.6900
P21817,A,40,ILE,31.40,94.00,0.9973
O95071,A,1035,TRP,48.41,92.88,0.9964
Q7Z412,A,98,ARG,81.70,98.44,0.9897
Q7Z412,A,130,LYS,153.49,97.38,0.6015
Q9NQZ7,A,143,HIS,87.58,97.19,0.8655
P78426,A,295,HIS,88.13,87.06,0.8841
P25054,A,300,TYR,42.89,98.44,0.9966
P25054,A,255,LYS,105.05,98.00,0.9959
Q6PCE3,A,101,ARG,128.71,97.12,0.9332
Q9UH03,A,217,LYS,39.99,95.38,0.9905
Q8IVF5,A,954,LEU,51.93,82.69,0.9979
Q15040,A,100,TRP,128.00,96.62,0.9929
Q96P09,A,146,LEU,41.92,85.38,0.9999
Q96P09,A,182,ARG,153.32,86.19,0.7138
Q5T5P2,A,806,ARG,77.03,95.56,0.9933
Q8WZ42,A,442,TYR,27.89,86.06,0.8209
Q8TCD6,A,220,TYR,24.93,92.62,0.8953
Q08623,A,36,ARG,130.73,97.94,0.7284
Q8NGE0,A,257,MET,49.95,82.25,0.6185
Q9BXT5,A,1219,LYS,60.36,87.12,0.9994
P41594,A,483,ASN,82.65,93.75,0.9851
Q9UBQ0,A,124,HIS,61.27,97.25,0.9828
P34913,A,164,GLN,99.69,96.38,0.9993
P0DP24,A,117,LEU,45.74,89.50,0.9992
P43007,A,77,PHE,112.31,95.25,0.9037
Q9H2T7,A,735,THR,55.50,90.19,0.9941
Q9Y253,A,297,TRP,57.51,98.25,0.6447
P10415,A,164,ARG,91.40,88.25,0.9993
Q96MF4,A,146,LYS,141.22,90.62,0.5631
Q9UBP4,A,328,LEU,100.23,82.56,0.7248
Q9NV72,A,411,ARG,103.64,93.06,0.9024
Q9ULR5,A,36,TRP,155.74,84.88,0.9862
P51787,A,557,LYS,128.26,94.38,0.6063
Q9H521,A,5,GLU,87.80,92.19,0.5305
Q86XS5,A,167,LEU,79.49,96.38,0.9651
P11678,A,103,LYS,88.18,90.56,0.8111
Q9UMD9,A,554,LYS,130.42,80.25,0.5788
Q6P3S1,A,276,LYS,97.31,91.94,0.9957
Q9UM19,A,103,TRP,49.40,90.81,0.9976
Q9H4E7,A,152,SER,40.76,89.06,0.7499
Q6UVW9,A,99,GLN,98.28,96.44,0.9682
Q6X4T0,A,62,ARG,111.85,92.56,0.9968
Q9Y291,A,10,ARG,142.47,92.62,0.9387
Q14186,A,333,TYR,66.87,94.19,0.9968
O00139,A,355,TYR,30.04,95.38,0.9258
Q9P299,A,119,ASN,75.35,93.62,0.8395
Q6DHY5,A,85,TRP,40.03,91.94,0.9906
P22223,A,367,LEU,89.36,94.44,0.9951
Q13616,A,722,ARG,120.61,95.06,0.5011
Q86UD5,A,476,ARG,118.40,85.38,0.9925
Q8TCA0,A,90,PRO,20.42,97.69,0.6801
Q6ZTR5,A,860,LYS,76.12,87.00,0.9984
O43306,A,410,ARG,41.10,80.69,0.9997
P51684,A,292,LYS,52.59,91.25,0.5397
Q9UGU5,A,467,GLN,80.78,85.00,0.9628
P09874,A,761,LYS,28.82,93.25,0.5578
Q9UKN7,A,945,ILE,36.11,80.88,0.7932
A5LHX3,A,107,VAL,51.93,97.94,0.9990
Q99558,A,605,CYS,49.00,88.38,0.9677
Q9NY87,A,58,ASN,99.67,81.81,0.9744
Q13064,A,290,ILE,78.36,93.62,0.9759
O95196,A,442,PHE,130.42,93.06,0.5122
O60281,A,574,PHE,41.31,86.94,0.9635
Q86WR6,A,108,TRP,39.17,87.81,0.8797
Q8NEZ5,A,167,GLU,26.79,97.69,0.9448
