train_classifier/training_files/unique_control_structures_apr19_2026/8pl7.cif,A,601
train_classifier/training_files/unique_control_structures_apr19_2026/7cm7.cif,A,1000
train_classifier/training_files/unique_control_structures_apr19_2026/8ea3.cif,A,302
train_classifier/training_files/unique_control_structures_apr19_2026/3h3j.cif,A,500
train_classifier/training_files/unique_control_structures_apr19_2026/6ljh.cif,A,401
train_classifier/training_files/unique_control_structures_apr19_2026/3ket.cif,A,213
train_classifier/training_files/unique_control_structures_apr19_2026/7e7q.cif,A,2308
train_classifier/training_files/unique_control_structures_apr19_2026/3pko.cif,A,326
train_classifier/training_files/unique_control_structures_apr19_2026/2wnz.cif,C,1297
train_classifier/training_files/unique_control_structures_apr19_2026/3tsc.cif,A,274
train_classifier/training_files/unique_control_structures_apr19_2026/9idf.cif,A,401
train_classifier/training_files/unique_control_structures_apr19_2026/3u9s.cif,B,591
train_classifier/training_files/unique_control_structures_apr19_2026/8ri2.cif,A,702
train_classifier/training_files/unique_control_structures_apr19_2026/1he3.cif,A,1206
train_classifier/training_files/unique_control_structures_apr19_2026/6voj.cif,A,600
train_classifier/training_files/unique_control_structures_apr19_2026/2wkt.cif,A,1397
train_classifier/training_files/unique_control_structures_apr19_2026/1nm1.cif,A,401
train_classifier/training_files/unique_control_structures_apr19_2026/3o0q.cif,A,1003
train_classifier/training_files/unique_control_structures_apr19_2026/3ep9.cif,A,68
train_classifier/training_files/unique_control_structures_apr19_2026/5dy4.cif,A,403
train_classifier/training_files/unique_control_structures_apr19_2026/4l2i.cif,A,401
train_classifier/training_files/unique_control_structures_apr19_2026/9b5w.cif,A,1103
train_classifier/training_files/unique_control_structures_apr19_2026/1rq1.cif,A,634
train_classifier/training_files/unique_control_structures_apr19_2026/8usb.cif,C,501
train_classifier/training_files/unique_control_structures_apr19_2026/8pmj.cif,A,1501
train_classifier/training_files/unique_control_structures_apr19_2026/4rxs.cif,A,801
train_classifier/training_files/unique_control_structures_apr19_2026/7c26.cif,A,403
train_classifier/training_files/unique_control_structures_apr19_2026/4v8q.cif,BZ,1003
train_classifier/training_files/unique_control_structures_apr19_2026/5eo2.cif,A,201
train_classifier/training_files/unique_control_structures_apr19_2026/1yqz.cif,A,441
train_classifier/training_files/unique_control_structures_apr19_2026/6s3m.cif,A,1001
train_classifier/training_files/unique_control_structures_apr19_2026/9i1j.cif,A,5201
train_classifier/training_files/unique_control_structures_apr19_2026/7qnj.cif,AAA,403
train_classifier/training_files/unique_control_structures_apr19_2026/3qff.cif,A,400
train_classifier/training_files/unique_control_structures_apr19_2026/7a2w.cif,B,101
train_classifier/training_files/unique_control_structures_apr19_2026/3jq8.cif,A,269
train_classifier/training_files/unique_control_structures_apr19_2026/1zxn.cif,A,901
train_classifier/training_files/unique_control_structures_apr19_2026/9u8x.cif,A,201
train_classifier/training_files/unique_control_structures_apr19_2026/7tqy.cif,K,801
train_classifier/training_files/unique_control_structures_apr19_2026/8aum.cif,A,501
train_classifier/training_files/unique_control_structures_apr19_2026/6jba.cif,A,501
train_classifier/training_files/unique_control_structures_apr19_2026/1xcp.cif,A,1291
train_classifier/training_files/unique_control_structures_apr19_2026/8i1m.cif,A,301
train_classifier/training_files/unique_control_structures_apr19_2026/6bzt.cif,A,601
train_classifier/training_files/unique_control_structures_apr19_2026/1dli.cif,A,403
train_classifier/training_files/unique_control_structures_apr19_2026/1z2o.cif,X,871
train_classifier/training_files/unique_control_structures_apr19_2026/8zb2.cif,A,601
train_classifier/training_files/unique_control_structures_apr19_2026/4wni.cif,O,401
train_classifier/training_files/unique_control_structures_apr19_2026/9qiw.cif,CB,1001
train_classifier/training_files/unique_control_structures_apr19_2026/7st7.cif,8,801
train_classifier/training_files/unique_control_structures_apr19_2026/1glf.cif,O,607
train_classifier/training_files/unique_control_structures_apr19_2026/9n85.cif,C,301
train_classifier/training_files/unique_control_structures_apr19_2026/22ey.cif,A,601
train_classifier/training_files/unique_control_structures_apr19_2026/7niq.cif,B,1101
train_classifier/training_files/unique_control_structures_apr19_2026/5eks.cif,A,400
train_classifier/training_files/unique_control_structures_apr19_2026/7r4d.cif,F,501
train_classifier/training_files/unique_control_structures_apr19_2026/1xcb.cif,A,213
train_classifier/training_files/unique_control_structures_apr19_2026/5in5.cif,A,1001
train_classifier/training_files/unique_control_structures_apr19_2026/3lsh.cif,A,801
train_classifier/training_files/unique_control_structures_apr19_2026/1yc2.cif,A,503
train_classifier/training_files/unique_control_structures_apr19_2026/8gxr.cif,A,1001
train_classifier/training_files/unique_control_structures_apr19_2026/7ens.cif,A,401
train_classifier/training_files/unique_control_structures_apr19_2026/3gpd.cif,R,336
train_classifier/training_files/unique_control_structures_apr19_2026/1nvm.cif,B,3501
train_classifier/training_files/unique_control_structures_apr19_2026/2nu9.cif,A,300
train_classifier/training_files/unique_control_structures_apr19_2026/1rx9.cif,A,164
train_classifier/training_files/unique_control_structures_apr19_2026/1y3a.cif,A,355
train_classifier/training_files/unique_control_structures_apr19_2026/7ze5.cif,C,602
train_classifier/training_files/unique_control_structures_apr19_2026/3eqi.cif,A,2
train_classifier/training_files/unique_control_structures_apr19_2026/1w1o.cif,A,1535
train_classifier/training_files/unique_control_structures_apr19_2026/3k0c.cif,A,901
train_classifier/training_files/unique_control_structures_apr19_2026/8c05.cif,A,401
train_classifier/training_files/unique_control_structures_apr19_2026/3wl6.cif,B,401
train_classifier/training_files/unique_control_structures_apr19_2026/5hmr.cif,A,601
train_classifier/training_files/unique_control_structures_apr19_2026/7ut9.cif,E,302
train_classifier/training_files/unique_control_structures_apr19_2026/7do7.cif,A,301
train_classifier/training_files/unique_control_structures_apr19_2026/8k6f.cif,A,401
train_classifier/training_files/unique_control_structures_apr19_2026/8ztf.cif,A,401
train_classifier/training_files/unique_control_structures_apr19_2026/5uzh.cif,A,401
train_classifier/training_files/unique_control_structures_apr19_2026/4zbl.cif,A,301
train_classifier/training_files/unique_control_structures_apr19_2026/5uii.cif,A,201
train_classifier/training_files/unique_control_structures_apr19_2026/1gee.cif,A,1262
train_classifier/training_files/unique_control_structures_apr19_2026/5buk.cif,A,501
train_classifier/training_files/unique_control_structures_apr19_2026/3nt6.cif,A,900
train_classifier/training_files/unique_control_structures_apr19_2026/8yp2.cif,A,402
train_classifier/training_files/unique_control_structures_apr19_2026/2du2.cif,A,512
train_classifier/training_files/unique_control_structures_apr19_2026/7qut.cif,A,601
train_classifier/training_files/unique_control_structures_apr19_2026/8fs4.cif,E,500
train_classifier/training_files/unique_control_structures_apr19_2026/6dpw.cif,A,501
train_classifier/training_files/unique_control_structures_apr19_2026/7mst.cif,A,401
train_classifier/training_files/unique_control_structures_apr19_2026/1nge.cif,A,486
train_classifier/training_files/unique_control_structures_apr19_2026/7moq.cif,C,4701
train_classifier/training_files/unique_control_structures_apr19_2026/5a9i.cif,B,1602
train_classifier/training_files/unique_control_structures_apr19_2026/8uto.cif,A,501
train_classifier/training_files/unique_control_structures_apr19_2026/6zab.cif,A,502
train_classifier/training_files/unique_control_structures_apr19_2026/7bie.cif,B,401
train_classifier/training_files/unique_control_structures_apr19_2026/5jio.cif,A,501
train_classifier/training_files/unique_control_structures_apr19_2026/2j40.cif,A,1518
train_classifier/training_files/unique_control_structures_apr19_2026/4crt.cif,A,600
train_classifier/training_files/unique_control_structures_apr19_2026/4pfo.cif,A,802
