training_files/surface_negatives_apr21_2026/Q9Y6V0.cif,A,432
training_files/surface_negatives_apr21_2026/P01772.cif,A,49
training_files/surface_negatives_apr21_2026/Q9UBG7.cif,A,338
training_files/surface_negatives_apr21_2026/Q96AE7.cif,A,113
training_files/surface_negatives_apr21_2026/O60462.cif,A,566
training_files/surface_negatives_apr21_2026/Q5XUX0.cif,A,271
training_files/surface_negatives_apr21_2026/Q14CX7.cif,A,206
training_files/surface_negatives_apr21_2026/O15357.cif,A,48
training_files/surface_negatives_apr21_2026/P41968.cif,A,197
training_files/surface_negatives_apr21_2026/P61586.cif,A,47
training_files/surface_negatives_apr21_2026/O43167.cif,A,114
training_files/surface_negatives_apr21_2026/Q9BYX4.cif,A,579
training_files/surface_negatives_apr21_2026/Q9NY12.cif,A,85
training_files/surface_negatives_apr21_2026/P57721.cif,A,73
training_files/surface_negatives_apr21_2026/Q9UKT9.cif,A,123
training_files/surface_negatives_apr21_2026/Q8IYH5.cif,A,528
training_files/surface_negatives_apr21_2026/P02144.cif,A,123
training_files/surface_negatives_apr21_2026/Q9UPR0.cif,A,638
training_files/surface_negatives_apr21_2026/P01704.cif,A,45
training_files/surface_negatives_apr21_2026/I3L3R5.cif,A,248
training_files/surface_negatives_apr21_2026/Q9Y2U9.cif,A,82
training_files/surface_negatives_apr21_2026/P41182.cif,A,607
training_files/surface_negatives_apr21_2026/Q9H6R4.cif,A,132
training_files/surface_negatives_apr21_2026/Q13332.cif,A,1417
training_files/surface_negatives_apr21_2026/A0A1W2PQM1.cif,A,119
training_files/surface_negatives_apr21_2026/Q96AC6.cif,A,536
training_files/surface_negatives_apr21_2026/Q9H6U6.cif,A,667
training_files/surface_negatives_apr21_2026/P01563.cif,A,46
training_files/surface_negatives_apr21_2026/Q969G3.cif,A,300
training_files/surface_negatives_apr21_2026/Q03014.cif,A,157
training_files/surface_negatives_apr21_2026/Q6UX65.cif,A,157
training_files/surface_negatives_apr21_2026/Q8NHL6.cif,A,475
training_files/surface_negatives_apr21_2026/Q4G0P3.cif,A,1336
training_files/surface_negatives_apr21_2026/Q96JQ0.cif,A,1095
training_files/surface_negatives_apr21_2026/Q5VTE0.cif,A,161
training_files/surface_negatives_apr21_2026/Q6ZRP7.cif,A,521
training_files/surface_negatives_apr21_2026/P61009.cif,A,27
training_files/surface_negatives_apr21_2026/P23258.cif,A,317
training_files/surface_negatives_apr21_2026/O75691.cif,A,629
training_files/surface_negatives_apr21_2026/Q8NB91.cif,A,317
training_files/surface_negatives_apr21_2026/Q7Z7G0.cif,A,901
training_files/surface_negatives_apr21_2026/P17019.cif,A,477
training_files/surface_negatives_apr21_2026/Q15125.cif,A,183
training_files/surface_negatives_apr21_2026/Q9H4X1.cif,A,121
training_files/surface_negatives_apr21_2026/P53597.cif,A,195
training_files/surface_negatives_apr21_2026/Q14644.cif,A,728
training_files/surface_negatives_apr21_2026/P0C623.cif,A,25
training_files/surface_negatives_apr21_2026/P36955.cif,A,117
training_files/surface_negatives_apr21_2026/Q14241.cif,A,25
training_files/surface_negatives_apr21_2026/Q9UBW7.cif,A,1197
training_files/surface_negatives_apr21_2026/Q9H0R1.cif,A,29
training_files/surface_negatives_apr21_2026/Q9Y664.cif,A,235
training_files/surface_negatives_apr21_2026/Q96KN9.cif,A,196
training_files/surface_negatives_apr21_2026/Q9P2W3.cif,A,19
training_files/surface_negatives_apr21_2026/Q8IYV9.cif,A,28
training_files/surface_negatives_apr21_2026/Q5T011.cif,A,1122
training_files/surface_negatives_apr21_2026/Q9NT22.cif,A,553
training_files/surface_negatives_apr21_2026/Q13607.cif,A,94
training_files/surface_negatives_apr21_2026/P0DUD1.cif,A,258
training_files/surface_negatives_apr21_2026/O60928.cif,A,315
training_files/surface_negatives_apr21_2026/Q9H3F6.cif,A,68
training_files/surface_negatives_apr21_2026/Q9P291.cif,A,381
training_files/surface_negatives_apr21_2026/Q7L3V2.cif,A,170
training_files/surface_negatives_apr21_2026/P04430.cif,A,32
training_files/surface_negatives_apr21_2026/Q70EL4.cif,A,106
training_files/surface_negatives_apr21_2026/Q9NV58.cif,A,143
training_files/surface_negatives_apr21_2026/Q02846.cif,A,877
training_files/surface_negatives_apr21_2026/Q8IWP9.cif,A,252
training_files/surface_negatives_apr21_2026/P26006.cif,A,455
training_files/surface_negatives_apr21_2026/Q9H2M9.cif,A,77
training_files/surface_negatives_apr21_2026/Q6NXT6.cif,A,439
training_files/surface_negatives_apr21_2026/Q3L8U1.cif,A,795
training_files/surface_negatives_apr21_2026/Q8NGB8.cif,A,32
training_files/surface_negatives_apr21_2026/O43639.cif,A,45
training_files/surface_negatives_apr21_2026/A6NIJ5.cif,A,403
training_files/surface_negatives_apr21_2026/P55083.cif,A,192
training_files/surface_negatives_apr21_2026/Q8NE79.cif,A,251
training_files/surface_negatives_apr21_2026/P15880.cif,A,228
training_files/surface_negatives_apr21_2026/Q96CX2.cif,A,241
training_files/surface_negatives_apr21_2026/P49821.cif,A,301
training_files/surface_negatives_apr21_2026/Q99653.cif,A,54
training_files/surface_negatives_apr21_2026/Q5CZC0.cif,A,235
training_files/surface_negatives_apr21_2026/Q6DD88.cif,A,411
training_files/surface_negatives_apr21_2026/O95866.cif,A,23
training_files/surface_negatives_apr21_2026/P17029.cif,A,386
training_files/surface_negatives_apr21_2026/O43805.cif,A,49
training_files/surface_negatives_apr21_2026/Q5HYA8.cif,A,361
training_files/surface_negatives_apr21_2026/A8MX19.cif,A,48
training_files/surface_negatives_apr21_2026/Q8WV60.cif,A,82
training_files/surface_negatives_apr21_2026/Q5JTZ9.cif,A,825
training_files/surface_negatives_apr21_2026/A6NDU8.cif,A,46
training_files/surface_negatives_apr21_2026/Q02078.cif,A,22
training_files/surface_negatives_apr21_2026/O75962.cif,A,786
training_files/surface_negatives_apr21_2026/Q6ZVT0.cif,A,545
training_files/surface_negatives_apr21_2026/P31930.cif,A,334
training_files/surface_negatives_apr21_2026/P0DV73.cif,A,50
training_files/surface_negatives_apr21_2026/O95747.cif,A,222
training_files/surface_negatives_apr21_2026/A0A0G2JNF4.cif,A,59
training_files/surface_negatives_apr21_2026/Q00722.cif,A,274
training_files/surface_negatives_apr21_2026/Q8WXI7.cif,A,223
